,0
0,https://csedamp.wordpress.com
1,https://csedamp.wordpress.com/
2,https://csedamp.wordpress.com/rule_book-2/
3,https://csedamp.wordpress.com/course_reviews/
4,https://csedamp.wordpress.com/internship/
5,https://csedamp.wordpress.com/btp-rnd-reviews/
6,https://csedamp.wordpress.com/higher-education/
7,https://csedamp.wordpress.com/team-2/
8,https://csedamp.wordpress.com/contact/
9,https://csedamp.wordpress.com/resources/
10,https://csedamp.wordpress.com/resources/?share=twitter
11,https://csedamp.wordpress.com/resources/?share=facebook
12,https://csedamp.wordpress.com/course_reviews/core/cs-302-implementation-of-programming-languages/
13,https://csedamp.wordpress.com/course_reviews/core/cs-302-implementation-of-programming-languages/?share=twitter
14,https://csedamp.wordpress.com/course_reviews/core/cs-302-implementation-of-programming-languages/?share=facebook
15,https://csedamp.wordpress.com/course_reviews/core/cs-317-2017-18/
16,https://csedamp.wordpress.com/course_reviews/core/cs-317-2017-18/?share=twitter
17,https://csedamp.wordpress.com/course_reviews/core/cs-317-2017-18/?share=facebook
18,https://csedamp.wordpress.com/course_reviews/core/
19,https://csedamp.wordpress.com/2020/07/26/cs-207-2019-20-review-1/
20,https://csedamp.wordpress.com/category/uncategorized/
21,https://csedamp.wordpress.com/2022/12/24/cs-406-2020-21-review/
22,https://csedamp.wordpress.com/author/csedamp/
23,https://csedamp.wordpress.com/2022/12/24/cs-406-2020-21-review/#respond
24,https://csedamp.wordpress.com/2022/12/24/cs-406-2020-21-review/?share=twitter
25,https://csedamp.wordpress.com/2022/12/24/cs-406-2020-21-review/?share=facebook
26,https://csedamp.wordpress.com/2020/08/05/cs-663-2019-20-review/
27,https://csedamp.wordpress.com/2020/08/05/cs-663-2019-20-review/?share=twitter
28,https://csedamp.wordpress.com/2020/08/05/cs-663-2019-20-review/?share=facebook
29,https://csedamp.wordpress.com/2020/08/05/cs-475-2019-20-review-3/
30,https://csedamp.wordpress.com/2020/08/05/cs-475-2019-20-review-3/?share=twitter
31,https://csedamp.wordpress.com/2020/08/05/cs-475-2019-20-review-3/?share=facebook
32,https://csedamp.wordpress.com/2020/08/05/cs-736-2019-20-review-2/
33,https://csedamp.wordpress.com/2020/08/05/cs-736-2019-20-review-2/?share=twitter
34,https://csedamp.wordpress.com/2020/08/05/cs-736-2019-20-review-2/?share=facebook
35,https://csedamp.wordpress.com/2020/08/01/cs-754-2019-20-review/
36,https://csedamp.wordpress.com/2020/08/01/cs-754-2019-20-review/?share=twitter
37,https://csedamp.wordpress.com/2020/08/01/cs-754-2019-20-review/?share=facebook
38,https://csedamp.wordpress.com/2020/08/01/cs-726-2018-19-review/
39,https://csedamp.wordpress.com/2020/08/01/cs-726-2018-19-review/?share=twitter
40,https://csedamp.wordpress.com/2020/08/01/cs-726-2018-19-review/?share=facebook
41,https://csedamp.wordpress.com/2020/08/01/ee-763-2019-20-review/
42,https://csedamp.wordpress.com/2020/08/01/ee-763-2019-20-review/?share=twitter
43,https://csedamp.wordpress.com/2020/08/01/ee-763-2019-20-review/?share=facebook
44,https://csedamp.wordpress.com/2020/08/01/ee-465-2019-20-review/
45,https://csedamp.wordpress.com/2020/08/01/ee-465-2019-20-review/?share=twitter
46,https://csedamp.wordpress.com/2020/08/01/ee-465-2019-20-review/?share=facebook
47,https://csedamp.wordpress.com/2020/08/01/cs-775-2019-20-review/
48,https://csedamp.wordpress.com/2020/08/01/cs-775-2019-20-review/?share=twitter
49,https://csedamp.wordpress.com/2020/08/01/cs-775-2019-20-review/?share=facebook
50,https://csedamp.wordpress.com/2020/07/26/cs-347-2019-20-review/
51,https://csedamp.wordpress.com/2020/07/26/cs-347-2019-20-review/?share=twitter
52,https://csedamp.wordpress.com/2020/07/26/cs-347-2019-20-review/?share=facebook
53,https://csedamp.wordpress.com/2020/07/26/cs-305-2019-20-review-1/
54,https://csedamp.wordpress.com/2020/07/26/cs-305-2019-20-review-1/?share=twitter
55,https://csedamp.wordpress.com/2020/07/26/cs-305-2019-20-review-1/?share=facebook
56,https://csedamp.wordpress.com/2020/07/26/cs-228-2018-19-review/
57,https://csedamp.wordpress.com/2020/07/26/cs-228-2018-19-review/?share=twitter
58,https://csedamp.wordpress.com/2020/07/26/cs-228-2018-19-review/?share=facebook
59,https://csedamp.wordpress.com/2020/07/26/cs-218-2019-20-review/
60,https://csedamp.wordpress.com/2020/07/26/cs-218-2019-20-review/?share=twitter
61,https://csedamp.wordpress.com/2020/07/26/cs-218-2019-20-review/?share=facebook
62,https://csedamp.wordpress.com/2020/07/26/cs-215-2019-20-review-2/
63,https://csedamp.wordpress.com/2020/07/26/cs-215-2019-20-review-2/?share=twitter
64,https://csedamp.wordpress.com/2020/07/26/cs-215-2019-20-review-2/?share=facebook
65,https://csedamp.wordpress.com/2020/07/26/cs-226-2019-20-review/
66,https://csedamp.wordpress.com/2020/07/26/cs-226-2019-20-review/?share=twitter
67,https://csedamp.wordpress.com/2020/07/26/cs-226-2019-20-review/?share=facebook
68,https://csedamp.wordpress.com/2020/07/26/cs-215-2019-20-review-1/
69,https://csedamp.wordpress.com/2020/07/26/cs-215-2019-20-review-1/?share=twitter
70,https://csedamp.wordpress.com/2020/07/26/cs-215-2019-20-review-1/?share=facebook
71,https://csedamp.wordpress.com/2020/07/26/666/
72,https://csedamp.wordpress.com/2020/07/26/666/?share=twitter
73,https://csedamp.wordpress.com/2020/07/26/666/?share=facebook
74,https://csedamp.wordpress.com/2020/07/26/cs-251-2019-20-review/
75,https://csedamp.wordpress.com/2020/07/26/cs-251-2019-20-review/?share=twitter
76,https://csedamp.wordpress.com/2020/07/26/cs-251-2019-20-review/?share=facebook
77,https://csedamp.wordpress.com/2020/07/26/cs-228-2019-20-review/
78,https://csedamp.wordpress.com/2020/07/26/cs-228-2019-20-review/?share=twitter
79,https://csedamp.wordpress.com/2020/07/26/cs-228-2019-20-review/?share=facebook
80,https://csedamp.wordpress.com/2020/07/26/cs-213-2019-20-review-2/
81,https://csedamp.wordpress.com/2020/07/26/cs-213-2019-20-review-2/?share=twitter
82,https://csedamp.wordpress.com/2020/07/26/cs-213-2019-20-review-2/?share=facebook
83,https://csedamp.wordpress.com/2020/07/26/cs-213-2019-20-review-1/
84,https://csedamp.wordpress.com/2020/07/26/cs-213-2019-20-review-1/?share=twitter
85,https://csedamp.wordpress.com/2020/07/26/cs-213-2019-20-review-1/?share=facebook
86,https://csedamp.wordpress.com/2020/07/26/cs-207-2019-20-review-2/
87,https://csedamp.wordpress.com/2020/07/26/cs-207-2019-20-review-2/?share=twitter
88,https://csedamp.wordpress.com/2020/07/26/cs-207-2019-20-review-2/?share=facebook
89,https://csedamp.wordpress.com/2020/07/26/cs-475-2019-20-review-1/
90,https://csedamp.wordpress.com/2020/07/26/cs-475-2019-20-review-1/?share=twitter
91,https://csedamp.wordpress.com/2020/07/26/cs-475-2019-20-review-1/?share=facebook
92,https://csedamp.wordpress.com/2020/07/26/cs-337-2019-20/
93,https://csedamp.wordpress.com/2020/07/26/cs-337-2019-20/?share=twitter
94,https://csedamp.wordpress.com/2020/07/26/cs-337-2019-20/?share=facebook
95,https://csedamp.wordpress.com/2016/07/13/cs-226-digital-logic-design/
96,https://csedamp.wordpress.com/2016/07/13/cs-226-digital-logic-design/?share=twitter
97,https://csedamp.wordpress.com/2016/07/13/cs-226-digital-logic-design/?share=facebook
98,https://csedamp.wordpress.com/2016/07/13/first-blog-post/
99,https://csedamp.wordpress.com/2016/07/13/first-blog-post/#respond
100,https://csedamp.wordpress.com/2016/07/13/cs-226-digital-logic-design/#respond
101,https://csedamp.wordpress.com/2020/07/26/cs-337-2019-20/#respond
102,https://csedamp.wordpress.com/2020/07/26/cs-475-2019-20-review-1/#respond
103,https://csedamp.wordpress.com/2020/07/26/cs-207-2019-20-review-2/#respond
104,https://csedamp.wordpress.com/2020/07/26/cs-213-2019-20-review-1/#respond
105,https://csedamp.wordpress.com/2020/07/26/cs-213-2019-20-review-2/#respond
106,https://csedamp.wordpress.com/2020/07/26/cs-228-2019-20-review/#respond
107,https://csedamp.wordpress.com/2020/07/26/cs-251-2019-20-review/#respond
108,https://csedamp.wordpress.com/2020/07/26/666/#respond
109,https://csedamp.wordpress.com/2020/07/26/cs-215-2019-20-review-1/#respond
110,https://csedamp.wordpress.com/2020/07/26/cs-226-2019-20-review/#respond
111,https://csedamp.wordpress.com/2020/07/26/cs-215-2019-20-review-2/#respond
112,https://csedamp.wordpress.com/2020/07/26/cs-218-2019-20-review/#respond
113,https://csedamp.wordpress.com/2020/07/26/cs-228-2018-19-review/#respond
114,https://csedamp.wordpress.com/2020/07/26/cs-305-2019-20-review-1/#respond
115,https://csedamp.wordpress.com/2020/07/26/cs-347-2019-20-review/#respond
116,https://csedamp.wordpress.com/2020/08/01/cs-775-2019-20-review/#respond
117,https://csedamp.wordpress.com/2020/08/01/ee-465-2019-20-review/#respond
118,https://csedamp.wordpress.com/2020/08/01/ee-763-2019-20-review/#respond
119,https://csedamp.wordpress.com/2020/08/01/cs-726-2018-19-review/#respond
120,https://csedamp.wordpress.com/2020/08/01/cs-754-2019-20-review/#respond
121,https://csedamp.wordpress.com/2020/08/05/cs-736-2019-20-review-2/#respond
122,https://csedamp.wordpress.com/2020/08/05/cs-475-2019-20-review-3/#respond
123,https://csedamp.wordpress.com/2020/08/05/cs-663-2019-20-review/#respond
124,https://csedamp.wordpress.com/2020/08/05/cs-663-2019-20-review/
125,https://csedamp.wordpress.com/2020/08/05/cs-663-2019-20-review/#respond
126,https://csedamp.wordpress.com/2020/08/05/cs-475-2019-20-review-3/
127,https://csedamp.wordpress.com/2020/08/05/cs-475-2019-20-review-3/#respond
128,https://csedamp.wordpress.com/2020/08/05/cs-736-2019-20-review-2/
129,https://csedamp.wordpress.com/2020/08/05/cs-736-2019-20-review-2/#respond
130,https://csedamp.wordpress.com/2020/08/01/cs-754-2019-20-review/
131,https://csedamp.wordpress.com/2020/08/01/cs-754-2019-20-review/#respond
132,https://csedamp.wordpress.com/2020/08/01/cs-726-2018-19-review/
133,https://csedamp.wordpress.com/2020/08/01/cs-726-2018-19-review/#respond
134,https://csedamp.wordpress.com/2020/08/01/ee-763-2019-20-review/
135,https://csedamp.wordpress.com/2020/08/01/ee-763-2019-20-review/#respond
136,https://csedamp.wordpress.com/2020/08/01/ee-465-2019-20-review/
137,https://csedamp.wordpress.com/2020/08/01/ee-465-2019-20-review/#respond
138,https://csedamp.wordpress.com/2020/08/01/cs-775-2019-20-review/
139,https://csedamp.wordpress.com/2020/08/01/cs-775-2019-20-review/#respond
140,https://csedamp.wordpress.com/2020/07/26/cs-347-2019-20-review/
141,https://csedamp.wordpress.com/2020/07/26/cs-347-2019-20-review/#respond
142,https://csedamp.wordpress.com/author/csedamp/page/2/
143,https://csedamp.wordpress.com/2022/12/24/cs-406-2020-21-review/?share=twitter
144,https://csedamp.wordpress.com/2022/12/24/cs-406-2020-21-review/?share=facebook
145,https://csedamp.wordpress.com/2020/08/05/cs-663-2019-20-review/
146,https://csedamp.wordpress.com/2022/12/24/cs-406-2020-21-review/#respond
147,https://csedamp.wordpress.com/author/csedamp/
148,https://csedamp.wordpress.com/2022/12/24/cs-406-2020-21-review/#respond
149,https://csedamp.wordpress.com/2020/08/05/cs-663-2019-20-review/
150,https://csedamp.wordpress.com/2020/08/05/cs-663-2019-20-review/#respond
151,https://csedamp.wordpress.com/2020/08/05/cs-475-2019-20-review-3/
152,https://csedamp.wordpress.com/2020/08/05/cs-475-2019-20-review-3/#respond
153,https://csedamp.wordpress.com/2020/08/05/cs-736-2019-20-review-2/
154,https://csedamp.wordpress.com/2020/08/05/cs-736-2019-20-review-2/#respond
155,https://csedamp.wordpress.com/2020/08/01/cs-754-2019-20-review/
156,https://csedamp.wordpress.com/2020/08/01/cs-754-2019-20-review/#respond
157,https://csedamp.wordpress.com/2020/08/01/cs-726-2018-19-review/
158,https://csedamp.wordpress.com/2020/08/01/cs-726-2018-19-review/#respond
159,https://csedamp.wordpress.com/2020/08/01/ee-763-2019-20-review/
160,https://csedamp.wordpress.com/2020/08/01/ee-763-2019-20-review/#respond
161,https://csedamp.wordpress.com/2020/08/01/ee-465-2019-20-review/
162,https://csedamp.wordpress.com/2020/08/01/ee-465-2019-20-review/#respond
163,https://csedamp.wordpress.com/2020/08/01/cs-775-2019-20-review/
164,https://csedamp.wordpress.com/2020/08/01/cs-775-2019-20-review/#respond
165,https://csedamp.wordpress.com/2020/07/26/cs-347-2019-20-review/
166,https://csedamp.wordpress.com/2020/07/26/cs-347-2019-20-review/#respond
167,https://csedamp.wordpress.com/category/uncategorized/page/2/
168,https://csedamp.wordpress.com/author/csedamp/
169,https://csedamp.wordpress.com/2020/07/26/cs-207-2019-20-review-1/?share=twitter
170,https://csedamp.wordpress.com/2020/07/26/cs-207-2019-20-review-1/?share=facebook
171,https://csedamp.wordpress.com/2020/07/26/cs-228-2018-19-review/
172,https://csedamp.wordpress.com/2020/07/26/cs-347-2019-20-review/
173,https://csedamp.wordpress.com/2020/07/26/cs-207-2019-20-review-1/#respond
174,https://csedamp.wordpress.com/2020/07/26/cs-207-2019-20-review-2/
175,https://csedamp.wordpress.com/course_reviews/core/cs207-2017/
176,https://csedamp.wordpress.com/course_reviews/core/cs207-2017/?share=twitter
177,https://csedamp.wordpress.com/course_reviews/core/cs207-2017/?share=facebook
178,https://csedamp.wordpress.com/course_reviews/core/cs-207-discrete-structures/
179,https://csedamp.wordpress.com/course_reviews/core/cs-207-discrete-structures/?share=twitter
180,https://csedamp.wordpress.com/course_reviews/core/cs-207-discrete-structures/?share=facebook
181,https://csedamp.wordpress.com/2020/07/26/cs-213-2019-20-review-1/
182,https://csedamp.wordpress.com/2020/07/26/cs-213-2019-20-review-2/
183,https://csedamp.wordpress.com/course_reviews/core/cs-213-2017-18/
184,https://csedamp.wordpress.com/course_reviews/core/cs-213-2017-18/?share=twitter
185,https://csedamp.wordpress.com/course_reviews/core/cs-213-2017-18/?share=facebook
186,https://csedamp.wordpress.com/course_reviews/core/cs-213-data-structures-and-algorithms/
187,https://csedamp.wordpress.com/course_reviews/core/cs-213-data-structures-and-algorithms/?share=twitter
188,https://csedamp.wordpress.com/course_reviews/core/cs-213-data-structures-and-algorithms/?share=facebook
189,https://csedamp.wordpress.com/cs-215-2021-22/
190,https://csedamp.wordpress.com/cs-215-2021-22/?share=twitter
191,https://csedamp.wordpress.com/cs-215-2021-22/?share=facebook
192,https://csedamp.wordpress.com/2020/07/26/cs-215-2019-20-review-1/
193,https://csedamp.wordpress.com/2020/07/26/cs-215-2019-20-review-2/
194,https://csedamp.wordpress.com/course_reviews/core/cs-215-2017-18/
195,https://csedamp.wordpress.com/course_reviews/core/cs-215-2017-18/?share=twitter
196,https://csedamp.wordpress.com/course_reviews/core/cs-215-2017-18/?share=facebook
197,https://csedamp.wordpress.com/cs-215-data-analysis-and-interpretation/
198,https://csedamp.wordpress.com/cs-215-data-analysis-and-interpretation/?share=twitter
199,https://csedamp.wordpress.com/cs-215-data-analysis-and-interpretation/?share=facebook
200,https://csedamp.wordpress.com/2020/07/26/cs-251-2019-20-review/
201,https://csedamp.wordpress.com/course_reviews-core-cs-251-2018-19/
202,https://csedamp.wordpress.com/course_reviews-core-cs-251-2018-19/?share=twitter
203,https://csedamp.wordpress.com/course_reviews-core-cs-251-2018-19/?share=facebook
204,https://csedamp.wordpress.com/course_reviews/core/cs-251-2017-18/
205,https://csedamp.wordpress.com/course_reviews/core/cs-251-2017-18/?share=twitter
206,https://csedamp.wordpress.com/course_reviews/core/cs-251-2017-18/?share=facebook
207,https://csedamp.wordpress.com/cs-251-software-systems-lab/
208,https://csedamp.wordpress.com/cs-251-software-systems-lab/?share=twitter
209,https://csedamp.wordpress.com/cs-251-software-systems-lab/?share=facebook
210,https://csedamp.wordpress.com/cs-293-data-structures-lab/
211,https://csedamp.wordpress.com/cs-293-data-structures-lab/?share=twitter
212,https://csedamp.wordpress.com/cs-293-data-structures-lab/?share=facebook
213,https://csedamp.wordpress.com/2020/07/26/cs-347-2019-20-review/
214,https://csedamp.wordpress.com/course_reviews-core-cs-347-2018-19/
215,https://csedamp.wordpress.com/course_reviews-core-cs-347-2018-19/?share=twitter
216,https://csedamp.wordpress.com/course_reviews-core-cs-347-2018-19/?share=facebook
217,https://csedamp.wordpress.com/course_reviews/cs-347-2017-18/
218,https://csedamp.wordpress.com/course_reviews/cs-347-2017-18/?share=twitter
219,https://csedamp.wordpress.com/course_reviews/cs-347-2017-18/?share=facebook
220,https://csedamp.wordpress.com/course_reviews/core/cs-347-operating-systems/
221,https://csedamp.wordpress.com/course_reviews/core/cs-347-operating-systems/?share=twitter
222,https://csedamp.wordpress.com/course_reviews/core/cs-347-operating-systems/?share=facebook
223,https://csedamp.wordpress.com/course_reviews-core-cs-333-2018-19/
224,https://csedamp.wordpress.com/2020/07/26/cs-305-2019-20-review-1/
225,https://csedamp.wordpress.com/course_reviews-core-cs-305-2018-19/
226,https://csedamp.wordpress.com/course_reviews-core-cs-305-2018-19/?share=twitter
227,https://csedamp.wordpress.com/course_reviews-core-cs-305-2018-19/?share=facebook
228,https://csedamp.wordpress.com/course_reviews/core/cs-305-2017-18/
229,https://csedamp.wordpress.com/course_reviews/core/cs-305-2017-18/?share=twitter
230,https://csedamp.wordpress.com/course_reviews/core/cs-305-2017-18/?share=facebook
231,https://csedamp.wordpress.com/course_reviews/core/cs-305-computer-architecture/
232,https://csedamp.wordpress.com/course_reviews/core/cs-305-computer-architecture/?share=twitter
233,https://csedamp.wordpress.com/course_reviews/core/cs-305-computer-architecture/?share=facebook
234,https://csedamp.wordpress.com/course_reviews-core-cs-341-2018-19/
235,https://csedamp.wordpress.com/course_reviews-core-cs-341-2018-19/?share=twitter
236,https://csedamp.wordpress.com/course_reviews-core-cs-341-2018-19/?share=facebook
237,https://csedamp.wordpress.com/2020/07/26/cs-337-2019-20/
238,https://csedamp.wordpress.com/course_reviews-core-cs-337-2018-19/
239,https://csedamp.wordpress.com/course_reviews-core-cs-337-2018-19/?share=twitter
240,https://csedamp.wordpress.com/course_reviews-core-cs-337-2018-19/?share=facebook
241,https://csedamp.wordpress.com/course_reviews/core/cs-344-artificial-intelligence/
242,https://csedamp.wordpress.com/course_reviews/core/cs-344-artificial-intelligence/?share=twitter
243,https://csedamp.wordpress.com/course_reviews/core/cs-344-artificial-intelligence/?share=facebook
244,https://csedamp.wordpress.com/course_reviews-core-cs-335-2018-19/
245,https://csedamp.wordpress.com/course_reviews-core-cs-335-2018-19/?share=twitter
246,https://csedamp.wordpress.com/course_reviews-core-cs-335-2018-19/?share=facebook
247,https://csedamp.wordpress.com/cs-218-2021-22/
248,https://csedamp.wordpress.com/cs-218-2021-22/?share=twitter
249,https://csedamp.wordpress.com/cs-218-2021-22/?share=facebook
250,https://csedamp.wordpress.com/2020/07/26/cs-218-2019-20-review/
251,https://csedamp.wordpress.com/course_reviews/cs-218-2017-18/
252,https://csedamp.wordpress.com/course_reviews/cs-218-2017-18/?share=twitter
253,https://csedamp.wordpress.com/course_reviews/cs-218-2017-18/?share=facebook
254,https://csedamp.wordpress.com/course_reviews/core/cs-218-design-and-analysis-of-algorithms/
255,https://csedamp.wordpress.com/course_reviews/core/cs-218-design-and-analysis-of-algorithms/?share=twitter
256,https://csedamp.wordpress.com/course_reviews/core/cs-218-design-and-analysis-of-algorithms/?share=facebook
257,https://csedamp.wordpress.com/course_reviews/core/cs-224-computer-networks/
258,https://csedamp.wordpress.com/course_reviews/core/cs-224-computer-networks/?share=twitter
259,https://csedamp.wordpress.com/course_reviews/core/cs-224-computer-networks/?share=facebook
260,https://csedamp.wordpress.com/2020/07/26/cs-226-2019-20-review/
261,https://csedamp.wordpress.com/2016/07/13/cs-226-digital-logic-design/
262,https://csedamp.wordpress.com/cs-228-2021-22/
263,https://csedamp.wordpress.com/cs-228-2021-22/?share=twitter
264,https://csedamp.wordpress.com/cs-228-2021-22/?share=facebook
265,https://csedamp.wordpress.com/2020/07/26/cs-228-2019-20-review/
266,https://csedamp.wordpress.com/2020/07/26/cs-228-2018-19-review/
267,https://csedamp.wordpress.com/cs-228-logic-for-cs/
268,https://csedamp.wordpress.com/cs-228-logic-for-cs/?share=twitter
269,https://csedamp.wordpress.com/cs-228-logic-for-cs/?share=facebook
270,https://csedamp.wordpress.com/cs-317-databases/
271,https://csedamp.wordpress.com/cs-317-databases/?share=twitter
272,https://csedamp.wordpress.com/cs-317-databases/?share=facebook
273,https://csedamp.wordpress.com/2020/07/26/666/
274,https://csedamp.wordpress.com/course_reviews/honors_and_electives/automata-theory/
275,https://csedamp.wordpress.com/course_reviews/honors_and_electives/automata-theory/?share=twitter
276,https://csedamp.wordpress.com/course_reviews/honors_and_electives/automata-theory/?share=facebook
277,https://csedamp.wordpress.com/course_reviews/core/?share=twitter
278,https://csedamp.wordpress.com/course_reviews/core/?share=facebook
279,https://csedamp.wordpress.com/course_reviews/core/
280,https://csedamp.wordpress.com/course_reviews/core/cs-317-2017-18/
281,https://csedamp.wordpress.com/course_reviews/core/
282,https://csedamp.wordpress.com/course_reviews/core/cs-302-implementation-of-programming-languages/
283,https://csedamp.wordpress.com/course_reviews/core/cs-317-2017-18/
284,https://csedamp.wordpress.com/course_reviews/core/
285,https://csedamp.wordpress.com/resources/
286,https://csedamp.wordpress.com/team-2/?share=twitter
287,https://csedamp.wordpress.com/team-2/?share=facebook
288,https://csedamp.wordpress.com/course_reviews/core/cs-302-implementation-of-programming-languages/
289,https://csedamp.wordpress.com/course_reviews/core/cs-317-2017-18/
290,https://csedamp.wordpress.com/course_reviews/core/
291,https://csedamp.wordpress.com/contact/
292,https://csedamp.wordpress.com/resources/
293,https://csedamp.wordpress.com/higher-education-2017-batch/
294,https://csedamp.wordpress.com/higher-education-2017-batch/?share=twitter
295,https://csedamp.wordpress.com/higher-education-2017-batch/?share=facebook
296,https://csedamp.wordpress.com/higher-education-2018-batch/
297,https://csedamp.wordpress.com/higher-education-2018-batch/?share=twitter
298,https://csedamp.wordpress.com/higher-education-2018-batch/?share=facebook
299,https://csedamp.wordpress.com/higher-education/?share=twitter
300,https://csedamp.wordpress.com/higher-education/?share=facebook
301,https://csedamp.wordpress.com/course_reviews/core/cs-302-implementation-of-programming-languages/
302,https://csedamp.wordpress.com/course_reviews/core/cs-317-2017-18/
303,https://csedamp.wordpress.com/course_reviews/core/
304,https://csedamp.wordpress.com/team-2/
305,https://csedamp.wordpress.com/contact/
306,https://csedamp.wordpress.com/resources/
307,https://csedamp.wordpress.com/btp-projects-archive/
308,https://csedamp.wordpress.com/btp-projects-archive/?share=twitter
309,https://csedamp.wordpress.com/btp-projects-archive/?share=facebook
310,https://csedamp.wordpress.com/rnd-projects-archive/
311,https://csedamp.wordpress.com/rnd-projects-archive/?share=twitter
312,https://csedamp.wordpress.com/rnd-projects-archive/?share=facebook
313,https://csedamp.wordpress.com/btp-rnd-reviews/rupesh/
314,https://csedamp.wordpress.com/btp-rnd-reviews/rupesh/?share=twitter
315,https://csedamp.wordpress.com/btp-rnd-reviews/rupesh/?share=facebook
316,https://csedamp.wordpress.com/btp-rnd-reviews/mayanka-medhe/
317,https://csedamp.wordpress.com/btp-rnd-reviews/mayanka-medhe/?share=twitter
318,https://csedamp.wordpress.com/btp-rnd-reviews/mayanka-medhe/?share=facebook
319,https://csedamp.wordpress.com/btp-aditya-kusupati/
320,https://csedamp.wordpress.com/btp-aditya-kusupati/?share=twitter
321,https://csedamp.wordpress.com/btp-aditya-kusupati/?share=facebook
322,https://csedamp.wordpress.com/btp-rnd-reviews/btp-siddhant-garg/
323,https://csedamp.wordpress.com/btp-rnd-reviews/btp-siddhant-garg/?share=twitter
324,https://csedamp.wordpress.com/btp-rnd-reviews/btp-siddhant-garg/?share=facebook
325,https://csedamp.wordpress.com/btp-rnd-reviews/btp-govind-lahoti/
326,https://csedamp.wordpress.com/btp-rnd-reviews/btp-govind-lahoti/?share=twitter
327,https://csedamp.wordpress.com/btp-rnd-reviews/btp-govind-lahoti/?share=facebook
328,https://csedamp.wordpress.com/btp-rnd-reviews/btp-dibyendu-mondal/
329,https://csedamp.wordpress.com/btp-rnd-reviews/btp-dibyendu-mondal/?share=twitter
330,https://csedamp.wordpress.com/btp-rnd-reviews/btp-dibyendu-mondal/?share=facebook
331,https://csedamp.wordpress.com/btp-rnd-reviews/btp-chandra-maloo/
332,https://csedamp.wordpress.com/btp-rnd-reviews/btp-chandra-maloo/?share=twitter
333,https://csedamp.wordpress.com/btp-rnd-reviews/btp-chandra-maloo/?share=facebook
334,https://csedamp.wordpress.com/btp-rnd-reviews/btp-aviral-kumar/
335,https://csedamp.wordpress.com/btp-rnd-reviews/btp-aviral-kumar/?share=twitter
336,https://csedamp.wordpress.com/btp-rnd-reviews/btp-aviral-kumar/?share=facebook
337,https://csedamp.wordpress.com/btp-rnd-reviews/btp-navneet-agarwal/
338,https://csedamp.wordpress.com/btp-rnd-reviews/btp-navneet-agarwal/?share=twitter
339,https://csedamp.wordpress.com/btp-rnd-reviews/btp-navneet-agarwal/?share=facebook
340,https://csedamp.wordpress.com/btp-rnd-reviews/chaithanya-naik-mude/
341,https://csedamp.wordpress.com/btp-rnd-reviews/chaithanya-naik-mude/?share=twitter
342,https://csedamp.wordpress.com/btp-rnd-reviews/chaithanya-naik-mude/?share=facebook
343,https://csedamp.wordpress.com/btp-rnd-reviews/rnd-manas-bhargava/
344,https://csedamp.wordpress.com/btp-rnd-reviews/rnd-manas-bhargava/?share=twitter
345,https://csedamp.wordpress.com/btp-rnd-reviews/rnd-manas-bhargava/?share=facebook
346,https://csedamp.wordpress.com/btp-rnd-reviews/rnd-aniket-shirke/
347,https://csedamp.wordpress.com/btp-rnd-reviews/rnd-aniket-shirke/?share=twitter
348,https://csedamp.wordpress.com/btp-rnd-reviews/rnd-aniket-shirke/?share=facebook
349,https://csedamp.wordpress.com/btp-rnd-reviews/rnd-rohit-kumar-jena/
350,https://csedamp.wordpress.com/btp-rnd-reviews/rnd-rohit-kumar-jena/?share=twitter
351,https://csedamp.wordpress.com/btp-rnd-reviews/rnd-rohit-kumar-jena/?share=facebook
352,https://csedamp.wordpress.com/btp-rnd-reviews/rnd-aniket-shirke-1/
353,https://csedamp.wordpress.com/btp-rnd-reviews/rnd-aniket-shirke-1/?share=twitter
354,https://csedamp.wordpress.com/btp-rnd-reviews/rnd-aniket-shirke-1/?share=facebook
355,https://csedamp.wordpress.com/btp-rnd-reviews/rnd-1-kunal-mittal/
356,https://csedamp.wordpress.com/btp-rnd-reviews/rnd-1-kunal-mittal/?share=twitter
357,https://csedamp.wordpress.com/btp-rnd-reviews/rnd-1-kunal-mittal/?share=facebook
358,https://csedamp.wordpress.com/btp-rnd-reviews/rnd-2-kunal-mittal/
359,https://csedamp.wordpress.com/btp-rnd-reviews/rnd-2-kunal-mittal/?share=twitter
360,https://csedamp.wordpress.com/btp-rnd-reviews/rnd-2-kunal-mittal/?share=facebook
361,https://csedamp.wordpress.com/btp-rnd-reviews/rnd-vishwajeet-singh/
362,https://csedamp.wordpress.com/btp-rnd-reviews/rnd-vishwajeet-singh/?share=twitter
363,https://csedamp.wordpress.com/btp-rnd-reviews/rnd-vishwajeet-singh/?share=facebook
364,https://csedamp.wordpress.com/btp-rnd-reviews/seminar-chitwan-saharia/
365,https://csedamp.wordpress.com/btp-rnd-reviews/seminar-chitwan-saharia/?share=twitter
366,https://csedamp.wordpress.com/btp-rnd-reviews/seminar-chitwan-saharia/?share=facebook
367,https://csedamp.wordpress.com/btp-rnd-reviews/?share=twitter
368,https://csedamp.wordpress.com/btp-rnd-reviews/?share=facebook
369,https://csedamp.wordpress.com/course_reviews/core/cs-302-implementation-of-programming-languages/
370,https://csedamp.wordpress.com/course_reviews/core/cs-317-2017-18/
371,https://csedamp.wordpress.com/course_reviews/core/
372,https://csedamp.wordpress.com/higher-education/
373,https://csedamp.wordpress.com/team-2/
374,https://csedamp.wordpress.com/contact/
375,https://csedamp.wordpress.com/resources/
376,https://csedamp.wordpress.com/internship/adobe-research-india-anuj-diwan/
377,https://csedamp.wordpress.com/internship/adobe-research-india-anuj-diwan/?share=twitter
378,https://csedamp.wordpress.com/internship/adobe-research-india-anuj-diwan/?share=facebook
379,https://csedamp.wordpress.com/internship/goldman-sachs-poorvi-hebbar/
380,https://csedamp.wordpress.com/internship/goldman-sachs-poorvi-hebbar/?share=twitter
381,https://csedamp.wordpress.com/internship/goldman-sachs-poorvi-hebbar/?share=facebook
382,https://csedamp.wordpress.com/internship/d-e-shaw-devansh-garg/
383,https://csedamp.wordpress.com/internship/d-e-shaw-devansh-garg/?share=twitter
384,https://csedamp.wordpress.com/internship/d-e-shaw-devansh-garg/?share=facebook
385,https://csedamp.wordpress.com/internship/qualcomm-sumit/
386,https://csedamp.wordpress.com/internship/qualcomm-sumit/?share=twitter
387,https://csedamp.wordpress.com/internship/qualcomm-sumit/?share=facebook
388,https://csedamp.wordpress.com/internship/uppsala-university-adwait-godbole/
389,https://csedamp.wordpress.com/internship/uppsala-university-adwait-godbole/?share=twitter
390,https://csedamp.wordpress.com/internship/uppsala-university-adwait-godbole/?share=facebook
391,https://csedamp.wordpress.com/internship/tower-research-capital-rupesh/
392,https://csedamp.wordpress.com/internship/tower-research-capital-rupesh/?share=twitter
393,https://csedamp.wordpress.com/internship/tower-research-capital-rupesh/?share=facebook
394,https://csedamp.wordpress.com/internship/epfl-satvik-m-mashkaria/
395,https://csedamp.wordpress.com/internship/epfl-satvik-m-mashkaria/?share=twitter
396,https://csedamp.wordpress.com/internship/epfl-satvik-m-mashkaria/?share=facebook
397,https://csedamp.wordpress.com/interns/goldman-sachs-kartik-singhal/
398,https://csedamp.wordpress.com/interns/goldman-sachs-kartik-singhal/?share=twitter
399,https://csedamp.wordpress.com/interns/goldman-sachs-kartik-singhal/?share=facebook
400,https://csedamp.wordpress.com/internship/rubrik-us-archit-gupta/
401,https://csedamp.wordpress.com/internship/rubrik-us-archit-gupta/?share=twitter
402,https://csedamp.wordpress.com/internship/rubrik-us-archit-gupta/?share=facebook
403,https://csedamp.wordpress.com/internship/daikin-japan-ankan-sardar/
404,https://csedamp.wordpress.com/internship/daikin-japan-ankan-sardar/?share=twitter
405,https://csedamp.wordpress.com/internship/daikin-japan-ankan-sardar/?share=facebook
406,https://csedamp.wordpress.com/internship/adobe-research-neeraj-dhake/
407,https://csedamp.wordpress.com/internship/adobe-research-neeraj-dhake/?share=twitter
408,https://csedamp.wordpress.com/internship/adobe-research-neeraj-dhake/?share=facebook
409,https://csedamp.wordpress.com/internship/jpmc-kshitij-jain/
410,https://csedamp.wordpress.com/internship/jpmc-kshitij-jain/?share=twitter
411,https://csedamp.wordpress.com/internship/jpmc-kshitij-jain/?share=facebook
412,https://csedamp.wordpress.com/internship/microsoft-india-rohit-jena/
413,https://csedamp.wordpress.com/internship/microsoft-india-rohit-jena/?share=twitter
414,https://csedamp.wordpress.com/internship/microsoft-india-rohit-jena/?share=facebook
415,https://csedamp.wordpress.com/samsung-korea-anmol-mishra/
416,https://csedamp.wordpress.com/samsung-korea-anmol-mishra/?share=twitter
417,https://csedamp.wordpress.com/samsung-korea-anmol-mishra/?share=facebook
418,https://csedamp.wordpress.com/honda-research-institute-japan-varshith-sreeramdass/
419,https://csedamp.wordpress.com/honda-research-institute-japan-varshith-sreeramdass/?share=twitter
420,https://csedamp.wordpress.com/honda-research-institute-japan-varshith-sreeramdass/?share=facebook
421,https://csedamp.wordpress.com/purdue-lohith-kumar/
422,https://csedamp.wordpress.com/purdue-lohith-kumar/?share=twitter
423,https://csedamp.wordpress.com/purdue-lohith-kumar/?share=facebook
424,https://csedamp.wordpress.com/samsung-delhi-abhishek-kumar/
425,https://csedamp.wordpress.com/samsung-delhi-abhishek-kumar/?share=twitter
426,https://csedamp.wordpress.com/samsung-delhi-abhishek-kumar/?share=facebook
427,https://csedamp.wordpress.com/internship_reviews/samsung-noida/
428,https://csedamp.wordpress.com/internship/samsung-noida/?share=twitter
429,https://csedamp.wordpress.com/internship/samsung-noida/?share=facebook
430,https://csedamp.wordpress.com/internship_reviews/adobe-research/
431,https://csedamp.wordpress.com/internship/adobe-research/?share=twitter
432,https://csedamp.wordpress.com/internship/adobe-research/?share=facebook
433,https://csedamp.wordpress.com/internship_reviews/rubrik/
434,https://csedamp.wordpress.com/internship/rubrik/?share=twitter
435,https://csedamp.wordpress.com/internship/rubrik/?share=facebook
436,https://csedamp.wordpress.com/internship_reviews/american-express/
437,https://csedamp.wordpress.com/internship/american-express/?share=twitter
438,https://csedamp.wordpress.com/internship/american-express/?share=facebook
439,https://csedamp.wordpress.com/internship_reviews/google-mtv/
440,https://csedamp.wordpress.com/internship/google-mtv/?share=twitter
441,https://csedamp.wordpress.com/internship/google-mtv/?share=facebook
442,https://csedamp.wordpress.com/internship/?share=twitter
443,https://csedamp.wordpress.com/internship/?share=facebook
444,https://csedamp.wordpress.com/course_reviews/core/cs-302-implementation-of-programming-languages/
445,https://csedamp.wordpress.com/course_reviews/core/cs-317-2017-18/
446,https://csedamp.wordpress.com/course_reviews/core/
447,https://csedamp.wordpress.com/btp-rnd-reviews/
448,https://csedamp.wordpress.com/higher-education/
449,https://csedamp.wordpress.com/team-2/
450,https://csedamp.wordpress.com/contact/
451,https://csedamp.wordpress.com/resources/
452,https://csedamp.wordpress.com/course_reviews/core/
453,https://csedamp.wordpress.com/course_reviews/minors/
454,https://csedamp.wordpress.com/sc-631-games-and-information/
455,https://csedamp.wordpress.com/sc-631-games-and-information/?share=twitter
456,https://csedamp.wordpress.com/sc-631-games-and-information/?share=facebook
457,https://csedamp.wordpress.com/mg-401-marketing-management/
458,https://csedamp.wordpress.com/mg-401-marketing-management/?share=twitter
459,https://csedamp.wordpress.com/mg-401-marketing-management/?share=facebook
460,https://csedamp.wordpress.com/course_reviews/minors/hs-207-social-psychology/
461,https://csedamp.wordpress.com/course_reviews/minors/hs-207-social-psychology/?share=twitter
462,https://csedamp.wordpress.com/course_reviews/minors/hs-207-social-psychology/?share=facebook
463,https://csedamp.wordpress.com/hs-307-sociology/
464,https://csedamp.wordpress.com/hs-307-sociology/?share=twitter
465,https://csedamp.wordpress.com/hs-307-sociology/?share=facebook
466,https://csedamp.wordpress.com/hs468-philosophy-of-religion/
467,https://csedamp.wordpress.com/hs468-philosophy-of-religion/?share=twitter
468,https://csedamp.wordpress.com/hs468-philosophy-of-religion/?share=facebook
469,https://csedamp.wordpress.com/course_reviews/minors/ma-214-basic-algebra/
470,https://csedamp.wordpress.com/course_reviews/minors/ma-214-basic-algebra/?share=twitter
471,https://csedamp.wordpress.com/course_reviews/minors/ma-214-basic-algebra/?share=facebook
472,https://csedamp.wordpress.com/ma-403-real-analysis/
473,https://csedamp.wordpress.com/ma-403-real-analysis/?share=twitter
474,https://csedamp.wordpress.com/ma-403-real-analysis/?share=facebook
475,https://csedamp.wordpress.com/course_reviews/minors/si-417-probability-theory/
476,https://csedamp.wordpress.com/course_reviews/minors/si-417-probability-theory/?share=twitter
477,https://csedamp.wordpress.com/course_reviews/minors/si-417-probability-theory/?share=facebook
478,https://csedamp.wordpress.com/course_reviews/minors/id-405-human-computer-interaction-design/
479,https://csedamp.wordpress.com/course_reviews/minors/id-405-human-computer-interaction-design/?share=twitter
480,https://csedamp.wordpress.com/course_reviews/minors/id-405-human-computer-interaction-design/?share=facebook
481,https://csedamp.wordpress.com/course_reviews/minors/?share=twitter
482,https://csedamp.wordpress.com/course_reviews/minors/?share=facebook
483,https://csedamp.wordpress.com/course_reviews/honors_and_electives/
484,https://csedamp.wordpress.com/course_reviews/cs-403-725-foundations-of-machine-learning-2017-18/
485,https://csedamp.wordpress.com/course_reviews/cs-403-725-foundations-of-machine-learning-2017-18/?share=twitter
486,https://csedamp.wordpress.com/course_reviews/cs-403-725-foundations-of-machine-learning-2017-18/?share=facebook
487,https://csedamp.wordpress.com/course_reviews/honors_and_electives/cs-406-foundations-of-cryptography-and-network-security2017-18/
488,https://csedamp.wordpress.com/course_reviews/honors_and_electives/cs-406-foundations-of-cryptography-and-network-security2017-18/?share=twitter
489,https://csedamp.wordpress.com/course_reviews/honors_and_electives/cs-406-foundations-of-cryptography-and-network-security2017-18/?share=facebook
490,https://csedamp.wordpress.com/cryptography/
491,https://csedamp.wordpress.com/cryptography/?share=twitter
492,https://csedamp.wordpress.com/cryptography/?share=facebook
493,https://csedamp.wordpress.com/cs-408-graph-theory/
494,https://csedamp.wordpress.com/cs-408-graph-theory/?share=twitter
495,https://csedamp.wordpress.com/cs-408-graph-theory/?share=facebook
496,https://csedamp.wordpress.com/course_reviews/honors_and_electives/cs-416-computer-and-network-security/
497,https://csedamp.wordpress.com/course_reviews/honors_and_electives/cs-416-computer-and-network-security/?share=twitter
498,https://csedamp.wordpress.com/course_reviews/honors_and_electives/cs-416-computer-and-network-security/?share=facebook
499,https://csedamp.wordpress.com/course_reviews/honors_and_electives/cs421/
500,https://csedamp.wordpress.com/course_reviews/honors_and_electives/cs421/?share=twitter
501,https://csedamp.wordpress.com/course_reviews/honors_and_electives/cs421/?share=facebook
502,https://csedamp.wordpress.com/course_reviews/honors_and_electives/cs-424-709-convex-optimisation-2017-18/
503,https://csedamp.wordpress.com/course_reviews/honors_and_electives/cs-424-709-convex-optimisation-2017-18/?share=twitter
504,https://csedamp.wordpress.com/course_reviews/honors_and_electives/cs-424-709-convex-optimisation-2017-18/?share=facebook
505,https://csedamp.wordpress.com/cs-435-linear-optimization/
506,https://csedamp.wordpress.com/cs-435-linear-optimization/?share=twitter
507,https://csedamp.wordpress.com/cs-435-linear-optimization/?share=facebook
508,https://csedamp.wordpress.com/cs-475-2019-20-review-2/
509,https://csedamp.wordpress.com/cs-475-2019-20-review-2/?share=twitter
510,https://csedamp.wordpress.com/cs-475-2019-20-review-2/?share=facebook
511,https://csedamp.wordpress.com/course_reviews-honors_and_electives-cs-475-2018-19
512,https://csedamp.wordpress.com/course_reviews-honors_and_electives-cs-475-2018-19/?share=twitter
513,https://csedamp.wordpress.com/course_reviews-honors_and_electives-cs-475-2018-19/?share=facebook
514,https://csedamp.wordpress.com/course_reviews/honors_and_electives/cs-475-675-computer-graphics-2017-18/
515,https://csedamp.wordpress.com/course_reviews/honors_and_electives/cs-475-675-computer-graphics-2017-18/?share=twitter
516,https://csedamp.wordpress.com/course_reviews/honors_and_electives/cs-475-675-computer-graphics-2017-18/?share=facebook
517,https://csedamp.wordpress.com/course_reviews/honors_and_electives/cs-475-computer-graphics/
518,https://csedamp.wordpress.com/course_reviews/honors_and_electives/cs-475-computer-graphics/?share=twitter
519,https://csedamp.wordpress.com/course_reviews/honors_and_electives/cs-475-computer-graphics/?share=facebook
520,https://csedamp.wordpress.com/cs-602-2019-20-review/
521,https://csedamp.wordpress.com/cs-602-2019-20-review/?share=twitter
522,https://csedamp.wordpress.com/cs-602-2019-20-review/?share=facebook
523,https://csedamp.wordpress.com/cs-606-foundations-of-parallel-computation/
524,https://csedamp.wordpress.com/cs-606-foundations-of-parallel-computation/?share=twitter
525,https://csedamp.wordpress.com/cs-606-foundations-of-parallel-computation/?share=facebook
526,https://csedamp.wordpress.com/course_reviews-honors_and_electives-cs-615-2018-19
527,https://csedamp.wordpress.com/course_reviews-honors_and_electives-cs-615-2018-19/?share=twitter
528,https://csedamp.wordpress.com/course_reviews-honors_and_electives-cs-615-2018-19/?share=facebook
529,https://csedamp.wordpress.com/course_reviews/honors_and_electives/program-verification/
530,https://csedamp.wordpress.com/course_reviews/honors_and_electives/program-verification/?share=twitter
531,https://csedamp.wordpress.com/course_reviews/honors_and_electives/program-verification/?share=facebook
532,https://csedamp.wordpress.com/course_reviews/honors_and_electives/cs-618-program-analysis-2017-18/
533,https://csedamp.wordpress.com/course_reviews/honors_and_electives/cs-618-program-analysis-2017-18/?share=twitter
534,https://csedamp.wordpress.com/course_reviews/honors_and_electives/cs-618-program-analysis-2017-18/?share=facebook
535,https://csedamp.wordpress.com/cs-618-program-analysis/
536,https://csedamp.wordpress.com/cs-618-program-analysis/?share=twitter
537,https://csedamp.wordpress.com/cs-618-program-analysis/?share=facebook
538,https://csedamp.wordpress.com/cs-620-2019-20-review/
539,https://csedamp.wordpress.com/cs-620-2019-20-review/?share=twitter
540,https://csedamp.wordpress.com/cs-620-2019-20-review/?share=facebook
541,https://csedamp.wordpress.com/cs-631-implementation-of-dbms/
542,https://csedamp.wordpress.com/cs-631-implementation-of-dbms/?share=twitter
543,https://csedamp.wordpress.com/cs-631-implementation-of-dbms/?share=facebook
544,https://csedamp.wordpress.com/cs-653-mobile-computing/
545,https://csedamp.wordpress.com/cs-653-mobile-computing/?share=twitter
546,https://csedamp.wordpress.com/cs-653-mobile-computing/?share=facebook
547,https://csedamp.wordpress.com/course_reviews-honors_and_electives-cs-663-2018-19
548,https://csedamp.wordpress.com/course_reviews-honors_and_electives-cs-663-2018-19/?share=twitter
549,https://csedamp.wordpress.com/course_reviews-honors_and_electives-cs-663-2018-19/?share=facebook
550,https://csedamp.wordpress.com/course_reviews/honors_and_electives/cs-663-digital-image-processing-2017-18/
551,https://csedamp.wordpress.com/course_reviews/honors_and_electives/cs-663-digital-image-processing-2017-18/?share=twitter
552,https://csedamp.wordpress.com/course_reviews/honors_and_electives/cs-663-digital-image-processing-2017-18/?share=facebook
553,https://csedamp.wordpress.com/course_reviews/honors_and_electives/dip
554,https://csedamp.wordpress.com/course_reviews/honors_and_electives/dip/?share=twitter
555,https://csedamp.wordpress.com/course_reviews/honors_and_electives/dip/?share=facebook
556,https://csedamp.wordpress.com/cs-681-2018-19-review/
557,https://csedamp.wordpress.com/cs-681-2018-19-review/?share=twitter
558,https://csedamp.wordpress.com/cs-681-2018-19-review/?share=facebook
559,https://csedamp.wordpress.com/cs-695-2019-20-review-1/
560,https://csedamp.wordpress.com/cs-695-2019-20-review-1/?share=twitter
561,https://csedamp.wordpress.com/cs-695-2019-20-review-1/?share=facebook
562,https://csedamp.wordpress.com/cs-695-2019-20-review-2/
563,https://csedamp.wordpress.com/cs-695-2019-20-review-2/?share=twitter
564,https://csedamp.wordpress.com/cs-695-2019-20-review-2/?share=facebook
565,https://csedamp.wordpress.com/course_reviews/honors_and_electives/cs-721-computational-complexity-2017-18/
566,https://csedamp.wordpress.com/course_reviews/honors_and_electives/cs-721-computational-complexity-2017-18/?share=twitter
567,https://csedamp.wordpress.com/course_reviews/honors_and_electives/cs-721-computational-complexity-2017-18/?share=facebook
568,https://csedamp.wordpress.com/course_reviews/honors_and_electives/cs-726-advanced-machine-learning-2017-18/
569,https://csedamp.wordpress.com/course_reviews/honors_and_electives/cs-726-advanced-machine-learning-2017-18/?share=twitter
570,https://csedamp.wordpress.com/course_reviews/honors_and_electives/cs-726-advanced-machine-learning-2017-18/?share=facebook
571,https://csedamp.wordpress.com/cs-735-2019-20-review/
572,https://csedamp.wordpress.com/cs-735-2019-20-review/?share=twitter
573,https://csedamp.wordpress.com/cs-735-2019-20-review/?share=facebook
574,https://csedamp.wordpress.com/cs-736-2019-20-review-1/
575,https://csedamp.wordpress.com/cs-736-2019-20-review-1/?share=twitter
576,https://csedamp.wordpress.com/cs-736-2019-20-review-1/?share=facebook
577,https://csedamp.wordpress.com/course_reviews/honors_and_electives/cs-736-medical-image-computing-2017-18/
578,https://csedamp.wordpress.com/course_reviews/honors_and_electives/cs-736-medical-image-computing-2017-18/?share=twitter
579,https://csedamp.wordpress.com/course_reviews/honors_and_electives/cs-736-medical-image-computing-2017-18/?share=facebook
580,https://csedamp.wordpress.com/course_reviews/honors_and_electives/medical-image-processing/
581,https://csedamp.wordpress.com/course_reviews/honors_and_electives/medical-image-processing/?share=twitter
582,https://csedamp.wordpress.com/course_reviews/honors_and_electives/medical-image-processing/?share=facebook
583,https://csedamp.wordpress.com/cs-741-2018-19-review/
584,https://csedamp.wordpress.com/cs-741-2018-19-review/?share=twitter
585,https://csedamp.wordpress.com/cs-741-2018-19-review/?share=facebook
586,https://csedamp.wordpress.com/757-2/
587,https://csedamp.wordpress.com/757-2/?share=twitter
588,https://csedamp.wordpress.com/757-2/?share=facebook
589,https://csedamp.wordpress.com/course_reviews/honors_and_electives/cs-742-foundation-of-network-security-and-cryptography-2017-18/
590,https://csedamp.wordpress.com/course_reviews/honors_and_electives/cs-742-foundation-of-network-security-and-cryptography-2017-18/?share=twitter
591,https://csedamp.wordpress.com/course_reviews/honors_and_electives/cs-742-foundation-of-network-security-and-cryptography-2017-18/?share=facebook
592,https://csedamp.wordpress.com/cs-747-foundations-of-intelligent-and-learning-agents-2017-18/
593,https://csedamp.wordpress.com/cs-747-foundations-of-intelligent-and-learning-agents-2017-18/?share=twitter
594,https://csedamp.wordpress.com/cs-747-foundations-of-intelligent-and-learning-agents-2017-18/?share=facebook
595,https://csedamp.wordpress.com/course_reviews/honors_and_electives/digital-geometry-processing/
596,https://csedamp.wordpress.com/course_reviews/honors_and_electives/digital-geometry-processing/?share=twitter
597,https://csedamp.wordpress.com/course_reviews/honors_and_electives/digital-geometry-processing/?share=facebook
598,https://csedamp.wordpress.com/course_reviews/honors_and_electives/linear-optimization/
599,https://csedamp.wordpress.com/course_reviews/honors_and_electives/linear-optimization/?share=twitter
600,https://csedamp.wordpress.com/course_reviews/honors_and_electives/linear-optimization/?share=facebook
601,https://csedamp.wordpress.com/cs-753-2021-22/
602,https://csedamp.wordpress.com/cs-753-2021-22/?share=twitter
603,https://csedamp.wordpress.com/cs-753-2021-22/?share=facebook
604,https://csedamp.wordpress.com/cs-753-2019-20-review/
605,https://csedamp.wordpress.com/cs-753-2019-20-review/?share=twitter
606,https://csedamp.wordpress.com/cs-753-2019-20-review/?share=facebook
607,https://csedamp.wordpress.com/course_reviews/honors_and_electives/automatic_speech_recognition/
608,https://csedamp.wordpress.com/course_reviews/honors_and_electives/automatic_speech_recognition/?share=twitter
609,https://csedamp.wordpress.com/course_reviews/honors_and_electives/automatic_speech_recognition/?share=facebook
610,https://csedamp.wordpress.com/cs-760-2019-20-review/
611,https://csedamp.wordpress.com/cs-760-2019-20-review/?share=twitter
612,https://csedamp.wordpress.com/cs-760-2019-20-review/?share=facebook
613,https://csedamp.wordpress.com/cs-769-2021-22/
614,https://csedamp.wordpress.com/cs-769-2021-22/?share=twitter
615,https://csedamp.wordpress.com/cs-769-2021-22/?share=facebook
616,https://csedamp.wordpress.com/course_reviews/honors_and_electives/?share=twitter
617,https://csedamp.wordpress.com/course_reviews/honors_and_electives/?share=facebook
618,https://csedamp.wordpress.com/course_reviews/?share=twitter
619,https://csedamp.wordpress.com/course_reviews/?share=facebook
620,https://csedamp.wordpress.com/course_reviews/core/cs-302-implementation-of-programming-languages/
621,https://csedamp.wordpress.com/course_reviews/core/cs-317-2017-18/
622,https://csedamp.wordpress.com/internship/
623,https://csedamp.wordpress.com/btp-rnd-reviews/
624,https://csedamp.wordpress.com/higher-education/
625,https://csedamp.wordpress.com/team-2/
626,https://csedamp.wordpress.com/contact/
627,https://csedamp.wordpress.com/resources/
628,https://csedamp.wordpress.com/rule_book-2/?share=twitter
629,https://csedamp.wordpress.com/rule_book-2/?share=facebook
630,https://csedamp.wordpress.com/rule_book-2/#respond
631,https://csedamp.wordpress.com/course_reviews/core/cs-302-implementation-of-programming-languages/
632,https://csedamp.wordpress.com/course_reviews/core/cs-317-2017-18/
633,https://csedamp.wordpress.com/course_reviews/core/
634,https://csedamp.wordpress.com/course_reviews/
635,https://csedamp.wordpress.com/internship/
636,https://csedamp.wordpress.com/btp-rnd-reviews/
637,https://csedamp.wordpress.com/higher-education/
638,https://csedamp.wordpress.com/team-2/
639,https://csedamp.wordpress.com/contact/
640,https://csedamp.wordpress.com/resources/
641,https://csedamp.wordpress.com/#respond
642,https://csedamp.wordpress.com/course_reviews/core/cs-302-implementation-of-programming-languages/
643,https://csedamp.wordpress.com/course_reviews/core/cs-317-2017-18/
644,https://csedamp.wordpress.com/course_reviews/core/
645,https://csedamp.wordpress.com/rule_book-2/
646,https://csedamp.wordpress.com/course_reviews/
647,https://csedamp.wordpress.com/internship/
648,https://csedamp.wordpress.com/btp-rnd-reviews/
649,https://csedamp.wordpress.com/higher-education/
650,https://csedamp.wordpress.com/team-2/
651,https://csedamp.wordpress.com/contact/
652,https://csedamp.wordpress.com/resources/
653,https://csedamp.wordpress.com/#respond
654,https://csedamp.wordpress.com/course_reviews/core/cs-302-implementation-of-programming-languages/
655,https://csedamp.wordpress.com/course_reviews/core/cs-317-2017-18/
656,https://csedamp.wordpress.com/course_reviews/core/
